time,recursion_count,image_size,pixels_calculated,cpp_seconds,cpp_pixels_per_second,python_seconds,python_pixels_per_second
1554336118.0907927,1,819200,819200,0.36283254623413086,2257790.841815446,13.646426677703857,60030.366875340755
1554336132.1068938,5,819200,4076830,1.3419771194458008,3037928.099462394,67.1242983341217,60735.532455131826
1554336200.5802994,10,819200,8105885,2.5928168296813965,3126285.2459176783,133.27269768714905,60821.797267345464
1554336336.4529161,20,819200,16021670,4.713938474655151,3398786.4046469266,268.77899980545044,59609.08408617087
1554336609.9526122,40,819200,31290940,8.651751041412354,3616717.5696830866,500.8268895149231,62478.55427712139
1554337119.4380531,80,819200,59636280,13.992297887802124,4262079.072229324,954.0574576854706,62508.059152618276
1554338087.4939377,160,819200,108002160,25.469353914260864,4240475.057340467,1800.175303697586,59995.35699560038
